patient	TCGA.purity	mutation_id	Reference_Base	Alternate_Base	ref_counts	var_counts	obs.VAF	normal_cn	minor_cn	major_cn	mut.multi	Exp.Cpn	Exp.Cpn.Likelihood	absolute.ccf	absolute.ccf.0.05	absolute.ccf.0.95	prob.clonal	prob.subclonal	GD.status	timing	comb.timing
TCGA-BT-A42C	0.53	TCGA-BT-A42C:12:123687540:C	C	A	177	52	0.22707423580786	2	2	2	1.31103238032463	1	0.97390945384498	1	0.87	1	0.874744034554335	0.125255965445665	GD	late	Late
TCGA-BT-A42C	0.53	TCGA-BT-A42C:2:120385260:G	G	C	227	30	0.116731517509728	2	2	2	0.673959327508993	1	0.999999999949983	0.67	0.48	0.91	0.0337964858243323	0.966203514175668	GD	late	Late
TCGA-BT-A42C	0.53	TCGA-BT-A42C:22:18845991:G	G	A	55	10	0.153846153846154	2	1	2	0.734397677793904	1	0.998752205341109	0.73	0.45	1	0.139652606177763	0.860347393822237	GD	late	Late
TCGA-BT-A42C	0.53	TCGA-BT-A42C:4:15780060:C	C	A	96	43	0.309352517985612	2	0	2	1.16736799239853	1	0.999115560164069	1	0.83	1	0.769886765557528	0.230113234442472	GD	late	Late
TCGA-BT-A42C	0.53	TCGA-BT-A42C:12:23999053:T	T	A	155	13	0.0773809523809524	2	2	2	0.446765498652291	1	0.999999998110826	0.45	0.25	0.71	0.00131818719577268	0.998681812804227	GD	late	Late
TCGA-BT-A42C	0.53	TCGA-BT-A42C:2:113089651:G	G	A	40	25	0.384615384615385	2	2	2	2.22060957910015	2	0.997695327998146	1	0.86	1	0.856913939874841	0.143086060125159	GD	early	Early
TCGA-BT-A42C	0.53	TCGA-BT-A42C:9:111970252:A	A	G	119	19	0.13768115942029	2	0	2	0.519551544982226	1	0.999999999931227	0.52	0.33	0.76	0.00171850615425951	0.99828149384574	GD	late	Late
TCGA-BT-A42C	0.53	TCGA-BT-A42C:1:7863866:G	G	T	41	36	0.467532467532468	2	1	2	2.23180592991914	2	0.999852695845795	1	0.9	1	0.942233216248657	0.0577667837513426	GD	early	Early
TCGA-BT-A42C	0.53	TCGA-BT-A42C:4:184431737:G	G	A	48	38	0.441860465116279	2	1	2	2.10925844668714	2	0.999757382694697	1	0.9	1	0.944139910737529	0.0558600892624708	GD	early	Early
TCGA-BT-A42C	0.53	TCGA-BT-A42C:20:62850332:C	C	T	127	14	0.099290780141844	2	2	3	0.672554529640038	1	0.999985069584628	0.67	0.43	0.98	0.0826243720135633	0.917375627986437	GD	late	Late
TCGA-BT-A42C	0.53	TCGA-BT-A42C:4:141600892:C	C	G	25	18	0.418604651162791	2	1	2	1.99824484422993	2	0.969785240396276	1	0.81	1	0.751163538505782	0.248836461494218	GD	early	Early
TCGA-BT-A42C	0.53	TCGA-BT-A42C:1:186094817:G	G	C	70	26	0.270833333333333	2	2	2	1.56367924528302	2	0.801289882269253	1	0.82	1	0.773321415908438	0.226678584091562	GD	early	Early
TCGA-BT-A42C	0.53	TCGA-BT-A42C:11:61058340:G	G	C	70	40	0.363636363636364	2	2	2	2.09948542024014	2	0.999828986946544	1	0.9	1	0.945217156874391	0.0547828431256085	GD	early	Early
TCGA-BT-A42C	0.53	TCGA-BT-A42C:11:111369384:C	C	G	10	28	0.736842105263158	2	0	2	2.78053624627607	2	0.999912003107485	1	0.89	1	0.932966131111404	0.0670338688885957	GD	early	Early
TCGA-BT-A42C	0.53	TCGA-BT-A42C:19:20135146:G	G	C	58	25	0.301204819277108	2	1	1	1.13662195953626	1	1	1	0.75	1	0.595197676634117	0.404802323365883	GD	Not.Poss	Early
TCGA-BT-A42C	0.53	TCGA-BT-A42C:20:60882815:C	C	T	41	7	0.145833333333333	2	2	3	0.987814465408805	1	0.902042722268379	0.99	0.49	1	0.260142882048918	0.739857117951082	GD	late	Late
TCGA-BT-A42C	0.53	TCGA-BT-A42C:8:12957634:T	T	A	81	25	0.235849056603774	2	1	3	1.36169455322179	1	0.737018478877426	1	0.79	1	0.696101565515587	0.303898434484413	GD	late	Late
TCGA-BT-A42C	0.53	TCGA-BT-A42C:2:74779494:C	C	G	85	16	0.158415841584158	2	2	2	0.914627311787782	1	0.998346339878407	0.91	0.59	1	0.300761311854193	0.699238688145807	GD	late	Late
TCGA-BT-A42C	0.53	TCGA-BT-A42C:1:29040947:A	A	C	83	26	0.238532110091743	2	1	2	1.13865328024926	1	0.991935332238861	1	0.75	1	0.591278009896492	0.408721990103508	GD	late	Late
TCGA-BT-A42C	0.53	TCGA-BT-A42C:1:186114897:G	G	A	75	60	0.444444444444444	2	2	2	2.56603773584906	2	0.999999987611261	1	0.94	1	0.992389409878317	0.00761059012168317	GD	early	Early
TCGA-BT-A42C	0.53	TCGA-BT-A42C:18:2891874:G	G	A	174	16	0.0842105263157895	2	2	7	0.907249255213505	1	0.998565291010942	0.91	0.58	1	0.288904200943306	0.711095799056694	GD	late	Late
TCGA-BT-A42C	0.53	TCGA-BT-A42C:17:7222372:G	G	C	64	7	0.0985915492957746	2	2	2	0.569226680839755	1	0.99941619254797	0.57	0.29	0.96	0.0564221538284493	0.943577846171551	GD	late	Late
TCGA-BT-A42C	0.53	TCGA-BT-A42C:14:39646875:G	G	A	134	57	0.298429319371728	2	2	2	1.72300701373111	2	0.998386427833655	1	0.92	1	0.966501366664763	0.033498633335237	GD	early	Early
TCGA-BT-A42C	0.53	TCGA-BT-A42C:20:44181845:G	G	A	132	8	0.0571428571428571	2	2	3	0.387061994609164	1	0.999999729595399	0.39	0.18	0.7	0.00203545509016974	0.99796454490983	GD	late	Late
TCGA-BT-A42C	0.53	TCGA-BT-A42C:20:62120282:T	T	G	43	12	0.218181818181818	2	2	3	1.4778730703259	2	0.53792629776415	1	0.68	1	0.513939528462578	0.486060471537422	GD	early	Early
TCGA-BT-A42C	0.53	TCGA-BT-A42C:1:161021373:G	G	C	257	47	0.154605263157895	2	3	4	1.35644240317776	1	0.888106556440462	1	0.86	1	0.853617182329304	0.146382817670696	GD	late	Late
TCGA-BT-A42C	0.53	TCGA-BT-A42C:12:8384474:C	C	T	47	16	0.253968253968254	2	1	2	1.21233902365978	1	0.891608123797728	1	0.7	1	0.511867254043217	0.488132745956783	GD	late	Late
TCGA-BT-A42C	0.53	TCGA-BT-A42C:10:71392625:C	C	T	84	5	0.0561797752808989	2	2	2	0.32435870256519	1	0.999993536265044	0.32	0.12	0.67	0.00215028059696414	0.997849719403036	GD	late	Late
TCGA-BT-A42C	0.53	TCGA-BT-A42C:2:166231228:T	T	A	111	7	0.0593220338983051	2	2	6	0.579788935081548	1	0.999269631890164	0.58	0.31	0.98	0.0652697158737302	0.93473028412627	GD	late	Late
TCGA-BT-A42C	0.53	TCGA-BT-A42C:12:109095064:G	G	A	165	10	0.0571428571428571	2	2	2	0.329919137466307	1	0.999999999929752	0.33	0.17	0.56	3.65374005585848e-05	0.999963462599441	GD	late	Late
TCGA-BT-A42C	0.53	TCGA-BT-A42C:15:40861663:G	G	T	40	25	0.384615384615385	2	1	1	1.45137880986938	1	1	1	0.82	1	0.759388736124871	0.240611263875129	GD	Not.Poss	Early
TCGA-BT-A42C	0.53	TCGA-BT-A42C:12:994963:G	G	A	53	57	0.518181818181818	2	1	2	2.47358490566038	2	0.99999992937708	1	0.94	1	0.991177225690355	0.00882277430964508	GD	early	Early
TCGA-BT-A42C	0.53	TCGA-BT-A42C:2:190718686:C	C	G	57	6	0.0952380952380952	2	1	6	0.835579514824798	1	0.953162101062467	0.84	0.41	1	0.189191061938556	0.810808938061444	GD	late	Late
TCGA-BT-A42C	0.53	TCGA-BT-A42C:7:42005113:C	C	A	179	92	0.339483394833948	2	2	2	1.96003620413563	2	0.999999951009144	1	0.95	1	0.997782948003208	0.00221705199679178	GD	early	Early
TCGA-BT-A42C	0.53	TCGA-BT-A42C:14:74825233:G	G	T	108	11	0.092436974789916	2	2	2	0.533692722371968	1	0.99999770893645	0.53	0.29	0.87	0.0192981864297954	0.980701813570204	GD	late	Late
TCGA-BT-A42C	0.53	TCGA-BT-A42C:22:31013431:G	G	A	75	30	0.285714285714286	2	1	2	1.36388140161725	1	0.768814982482197	1	0.82	1	0.762294116542375	0.237705883457625	GD	late	Late
TCGA-BT-A42C	0.53	TCGA-BT-A42C:11:1651190:C	C	T	29	5	0.147058823529412	2	0	2	0.554938956714761	1	0.996105407759659	0.55	0.26	0.97	0.0610326973107746	0.938967302689225	GD	late	Late
TCGA-BT-A42C	0.53	TCGA-BT-A42C:9:131378100:G	G	A	25	44	0.63768115942029	2	0	2	2.40634399781241	2	0.999995036904443	1	0.93	1	0.978965723915994	0.0210342760840063	GD	early	Early
TCGA-BT-A42C	0.53	TCGA-BT-A42C:1:197073065:C	C	T	90	14	0.134615384615385	2	2	2	0.777213352685051	1	0.999753773231794	0.78	0.51	1	0.170106229288533	0.829893770711467	GD	late	Late
TCGA-BT-A42C	0.53	TCGA-BT-A42C:16:30964944:G	G	C	373	34	0.0835380835380835	2	2	2	0.482314218163275	1	1	0.48	0.34	0.65	7.82550791402267e-06	0.999992174492086	GD	late	Late
TCGA-BT-A42C	0.53	TCGA-BT-A42C:1:62916526:G	G	C	56	12	0.176470588235294	2	1	2	0.842397336293008	1	0.997341399076314	0.84	0.52	1	0.223105232751731	0.776894767248269	GD	late	Late
TCGA-BT-A42C	0.53	TCGA-BT-A42C:2:136575162:C	C	T	86	9	0.0947368421052632	2	2	3	0.641708043694141	1	0.999584957223415	0.64	0.38	1	0.0846425761443138	0.915357423855686	GD	late	Late
TCGA-BT-A42C	0.53	TCGA-BT-A42C:5:71015207:G	G	A	127	7	0.0522388059701493	2	2	2	0.301605181638975	1	0.999999989343759	0.3	0.14	0.57	0.000127194259626215	0.999872805740374	GD	late	Late
TCGA-BT-A42C	0.53	TCGA-BT-A42C:6:27879892:A	A	T	80	37	0.316239316239316	2	2	3	2.14207385905499	2	0.90623756299922	1	0.89	1	0.930573254520571	0.0694267454794287	GD	early	Early
TCGA-BT-A42C	0.53	TCGA-BT-A42C:19:18174753:C	C	T	21	11	0.34375	2	1	1	1.29716981132075	1	1	1	0.66	1	0.468848252711368	0.531151747288632	GD	Not.Poss	Early
TCGA-BT-A42C	0.53	TCGA-BT-A42C:19:38709684:G	G	A	270	38	0.123376623376623	2	1	3	0.712325410438618	1	0.999999999998133	0.71	0.53	0.93	0.0482710570207646	0.951728942979235	GD	late	Late
TCGA-BT-A42C	0.53	TCGA-BT-A42C:11:373764:G	G	A	37	47	0.55952380952381	2	0	2	2.11141060197664	2	0.999966965250045	1	0.92	1	0.976855621550392	0.0231443784496084	GD	early	Early
TCGA-BT-A42C	0.53	TCGA-BT-A42C:7:44736090:G	G	T	102	21	0.170731707317073	2	2	2	0.985734008283479	1	0.998827953029279	0.99	0.66	1	0.401340838960218	0.598659161039782	GD	late	Late
TCGA-BT-A42C	0.53	TCGA-BT-A42C:3:118623621:A	A	G	248	59	0.192182410423453	2	2	4	1.49394628480118	2	0.80265388903327	1	0.9	1	0.938930550380194	0.0610694496198062	GD	early	Early
TCGA-BT-A42C	0.53	TCGA-BT-A42C:10:97951794:G	G	A	41	43	0.511904761904762	2	1	2	2.44362084456424	2	0.999995012101142	1	0.92	1	0.97203100827019	0.02796899172981	GD	early	Early
TCGA-BT-A42C	0.53	TCGA-BT-A42C:17:56435956:G	G	A	26	6	0.1875	2	1	4	1.27004716981132	1	0.61406989781769	1	0.51	1	0.318021274681546	0.681978725318454	GD	late	Late
TCGA-BT-A42C	0.53	TCGA-BT-A42C:16:57687989:T	T	C	114	14	0.109375	2	2	2	0.631485849056604	1	0.999996143991469	0.63	0.39	0.95	0.0524768661877068	0.947523133812293	GD	late	Late
TCGA-BT-A42C	0.53	TCGA-BT-A42C:11:94533301:C	C	A	165	24	0.126984126984127	2	0	2	0.479185384845762	1	0.999999999999997	0.48	0.32	0.67	6.66629549544099e-05	0.999933337045046	GD	late	Late
TCGA-BT-A42C	0.53	TCGA-BT-A42C:2:99463218:C	C	T	76	43	0.361344537815126	2	2	2	2.08625336927224	2	0.999898384987524	1	0.91	1	0.954758954184062	0.0452410458159376	GD	early	Early
TCGA-BT-A42C	0.53	TCGA-BT-A42C:20:45354635:C	C	A	114	22	0.161764705882353	2	2	3	1.0957269700333	1	0.992066864803753	1	0.71	1	0.501568968850213	0.498431031149787	GD	late	Late
TCGA-BT-A42C	0.53	TCGA-BT-A42C:19:47440614:A	A	T	113	9	0.0737704918032787	2	1	3	0.425920197958552	1	0.999999659344674	0.43	0.21	0.74	0.00347200096213101	0.996527999037869	GD	late	Late
TCGA-BT-A42C	0.53	TCGA-BT-A42C:16:31580528:G	G	A	85	9	0.0957446808510638	2	2	2	0.552790044158972	1	0.9999565006528	0.55	0.29	0.92	0.0358774381639415	0.964122561836058	GD	late	Late
TCGA-BT-A42C	0.53	TCGA-BT-A42C:2:207619970:G	G	C	35	44	0.556962025316456	2	1	2	2.65870551707667	2	0.999999125024285	1	0.93	1	0.978318233260528	0.0216817667394717	GD	early	Early
TCGA-BT-A42C	0.53	TCGA-BT-A42C:5:54737704:G	G	A	93	6	0.0606060606060606	2	2	2	0.34991423670669	1	0.999997712790466	0.35	0.15	0.69	0.00211175955212651	0.997888240447873	GD	late	Late
TCGA-BT-A42C	0.53	TCGA-BT-A42C:12:123078909:A	A	C	42	24	0.363636363636364	2	2	2	2.09948542024014	2	0.994536351088619	1	0.85	1	0.835346238541505	0.164653761458495	GD	early	Early
TCGA-BT-A42C	0.53	TCGA-BT-A42C:12:13717440:A	A	C	270	65	0.194029850746269	2	1	2	0.926217966769924	1	0.999999999987723	0.93	0.76	1	0.476577677329944	0.523422322670056	GD	late	Late
TCGA-BT-A42C	0.53	TCGA-BT-A42C:17:62891163:G	G	C	324	55	0.145118733509235	2	1	4	0.982974062826704	1	0.99999998193973	0.98	0.77	1	0.567903385769559	0.43209661423044	GD	late	Late
TCGA-BT-A42C	0.53	TCGA-BT-A42C:16:22237249:G	G	A	66	28	0.297872340425532	2	2	3	2.01766358892011	2	0.922450937837606	1	0.86	1	0.860505939040378	0.139494060959622	GD	early	Early
TCGA-BT-A42C	0.53	TCGA-BT-A42C:9:131397156:G	G	A	14	26	0.65	2	0	2	2.45283018867925	2	0.999402301774773	1	0.88	1	0.905667747421521	0.0943322525784788	GD	early	Early
TCGA-BT-A42C	0.53	TCGA-BT-A42C:4:69334597:G	G	T	80	19	0.191919191919192	2	1	2	0.916142557651992	1	0.99948423014378	0.92	0.62	1	0.321248509179009	0.678751490820991	GD	late	Late
TCGA-BT-A42C	0.53	TCGA-BT-A42C:9:35102793:G	G	C	77	34	0.306306306306306	2	0	3	1.46217916029237	2	0.577845172334308	1	0.85	1	0.831732041012352	0.168267958987648	GD	early	Early
TCGA-BT-A42C	0.53	TCGA-BT-A42C:17:78162187:G	G	C	43	36	0.455696202531646	2	2	3	3.08669691903511	3	0.949491721358178	1	0.91	1	0.957871472719266	0.0421285272807342	GD	early	Early
TCGA-BT-A42C	0.53	TCGA-BT-A42C:3:147113765:T	T	G	367	30	0.0755667506297229	2	2	4	0.587424552065016	1	0.999999999999929	0.59	0.41	0.81	0.00425228387001128	0.995747716129989	GD	late	Late
TCGA-BT-A42C	0.53	TCGA-BT-A42C:1:43224586:C	C	G	63	51	0.447368421052632	2	1	2	2.13555114200596	2	0.999989551934662	1	0.93	1	0.978833339678408	0.021166660321592	GD	early	Early
TCGA-BT-A42C	0.53	TCGA-BT-A42C:16:57241994:G	G	A	110	52	0.320987654320988	2	2	2	1.85324947589099	2	0.999659525522849	1	0.91	1	0.965056910691355	0.0349430893086453	GD	early	Early
TCGA-BT-A42C	0.53	TCGA-BT-A42C:7:100693838:G	G	A	80	27	0.252336448598131	2	1	2	1.20454946217598	1	0.975874058981068	1	0.77	1	0.648540297768563	0.351459702231437	GD	late	Late
TCGA-BT-A42C	0.53	TCGA-BT-A42C:12:4722735:T	T	C	89	10	0.101010101010101	2	1	2	0.482180293501048	1	0.99999899211818	0.48	0.25	0.8	0.00840486050671817	0.991595139493282	GD	late	Late
TCGA-BT-A42C	0.53	TCGA-BT-A42C:9:131394948:G	G	A	35	58	0.623655913978495	2	0	2	2.35341854331507	2	0.999999824834859	1	0.94	1	0.993113826468558	0.00688617353144203	GD	early	Early
TCGA-BT-A42C	0.53	TCGA-BT-A42C:1:111146504:C	C	T	162	37	0.185929648241206	2	2	2	1.07348061060017	1	0.999852402589357	1	0.77	1	0.61265920227867	0.38734079772133	GD	late	Late
TCGA-BT-A42C	0.53	TCGA-BT-A42C:9:131362362:G	G	A	20	34	0.62962962962963	2	0	2	2.3759608665269	2	0.999904568283368	1	0.9	1	0.949754775272012	0.0502452247279879	GD	early	Early
TCGA-BT-A42C	0.53	TCGA-BT-A42C:22:43950813:G	G	T	191	26	0.119815668202765	2	1	2	0.571950265194331	1	0.999999999998786	0.57	0.39	0.8	0.00330693116608436	0.996693068833916	GD	late	Late
TCGA-BT-A42C	0.53	TCGA-BT-A42C:11:60183468:C	C	T	69	10	0.126582278481013	2	2	3	0.857415810843086	1	0.991259289365935	0.86	0.5	1	0.223973215452741	0.776026784547259	GD	late	Late
TCGA-BT-A42C	0.53	TCGA-BT-A42C:10:23250840:G	G	T	24	6	0.2	2	1	2	0.954716981132076	1	0.893376283773991	0.95	0.46	1	0.238334681171632	0.761665318828368	GD	late	Late
TCGA-BT-A42C	0.53	TCGA-BT-A42C:5:140256931:G	G	T	81	53	0.395522388059701	2	1	2	1.88805970149254	2	0.999827623016747	1	0.92	1	0.973024181852245	0.0269758181477549	GD	early	Early
TCGA-BT-A42C	0.53	TCGA-BT-A42C:3:126208204:C	C	T	148	87	0.370212765957447	2	2	3	2.50766760337214	3	0.641497830530404	1	0.96	1	0.998805437471193	0.00119456252880694	GD	early	Early
TCGA-BT-A42C	0.53	TCGA-BT-A42C:19:46216533:G	G	C	114	13	0.102362204724409	2	1	3	0.590996880106968	1	0.999997707392902	0.59	0.35	0.92	0.0343213234056468	0.965678676594353	GD	late	Late
TCGA-BT-A42C	0.53	TCGA-BT-A42C:9:131356542:G	G	T	38	48	0.558139534883721	2	0	2	2.10618692408951	2	0.999971937958449	1	0.93	1	0.978416521359445	0.0215834786405548	GD	early	Early
TCGA-BT-A42C	0.53	TCGA-BT-A42C:6:41754506:C	C	T	193	14	0.0676328502415459	2	1	4	0.458116853522924	1	0.999999999124152	0.46	0.26	0.72	0.001517689576017	0.998482310423983	GD	late	Late
TCGA-BT-A42C	0.53	TCGA-BT-A42C:11:1643237:C	C	T	129	8	0.0583941605839416	2	0	2	0.22035532295827	1	0.999999999999956	0.22	0.11	0.4	1.1478141464075e-08	0.999999988521859	GD	late	Late
TCGA-BT-A42C	0.53	TCGA-BT-A42C:1:151740602:C	C	T	81	56	0.408759124087591	2	2	4	3.17752375705826	3	0.815445100399819	1	0.94	1	0.991910303288447	0.00808969671155304	GD	early	Early
TCGA-BT-A42C	0.53	TCGA-BT-A42C:20:31023699:C	C	T	156	93	0.373493975903614	2	2	2	2.15639918163219	2	0.999999999457719	1	0.96	1	0.998743645044774	0.00125635495522608	GD	early	Early
TCGA-BT-A42C	0.53	TCGA-BT-A42C:2:179417524:G	G	A	100	10	0.0909090909090909	2	1	5	0.706689536878216	1	0.999267981423958	0.71	0.43	1	0.123365576171954	0.876634423828046	GD	late	Late
TCGA-BT-A42C	0.53	TCGA-BT-A42C:6:25845738:C	C	T	44	73	0.623931623931624	2	1	4	4.22625383002742	4	0.976519085496882	1	0.96	1	0.99910365492965	0.000896345070349815	GD	early	Early
TCGA-BT-A42C	0.53	TCGA-BT-A42C:19:57803086:G	G	C	133	35	0.208333333333333	2	1	3	1.20283018867925	1	0.992138517734502	1	0.8	1	0.710342111043501	0.289657888956499	GD	late	Late
TCGA-BT-A42C	0.53	TCGA-BT-A42C:21:30255351:T	T	C	86	12	0.122448979591837	2	2	2	0.706969580284944	1	0.999825966733605	0.71	0.45	1	0.115240287142211	0.884759712857789	GD	late	Late
TCGA-BT-A42C	0.53	TCGA-BT-A42C:3:184090596:C	C	A	286	91	0.241379310344828	2	3	3	1.87638256343526	2	0.999990370156719	1	0.95	1	0.996073247095402	0.00392675290459756	GD	early	Early
TCGA-BT-A42C	0.53	TCGA-BT-A42C:1:46744710:G	G	T	64	11	0.146666666666667	2	1	2	0.700125786163522	1	0.999692535515883	0.7	0.44	1	0.111608503019296	0.888391496980704	GD	late	Late
TCGA-BT-A42C	0.53	TCGA-BT-A42C:17:1680704:C	C	G	202	29	0.125541125541126	2	2	2	0.724822347463857	1	0.999999997741434	0.72	0.52	0.96	0.0810875224782329	0.918912477521767	GD	late	Late
TCGA-BT-A42C	0.53	TCGA-BT-A42C:14:51288736:G	G	C	301	147	0.328125	2	2	2	1.89445754716981	2	0.999999999971973	1	0.97	1	0.999913911956295	8.60880437048807e-05	GD	early	Early
TCGA-BT-A42C	0.53	TCGA-BT-A42C:6:150713540:G	G	C	196	23	0.105022831050228	2	0	3	0.50133540105109	1	0.9999999999999	0.5	0.33	0.71	0.000402337458966776	0.999597662541033	GD	late	Late
TCGA-BT-A42C	0.53	TCGA-BT-A42C:19:4037409:G	G	A	32	14	0.304347826086957	2	1	2	1.45283018867925	2	0.516917762371454	1	0.72	1	0.567378144380121	0.432621855619879	GD	early	Early
TCGA-BT-A42C	0.53	TCGA-BT-A42C:2:118854145:G	G	C	54	24	0.307692307692308	2	2	2	1.77648766328012	2	0.957941629199735	1	0.83	1	0.793770769914817	0.206229230085183	GD	early	Early
TCGA-BT-A42C	0.53	TCGA-BT-A42C:2:121747003:G	G	C	67	5	0.0694444444444444	2	2	2	0.400943396226415	1	0.999877202651854	0.4	0.15	0.81	0.0124324858630167	0.987567514136983	GD	late	Late
TCGA-BT-A42C	0.53	TCGA-BT-A42C:1:175336348:C	C	G	85	27	0.241071428571429	2	2	2	1.39184636118598	1	0.664568219160274	1	0.8	1	0.730991383226572	0.269008616773428	GD	late	Late
TCGA-BT-A42C	0.53	TCGA-BT-A42C:5:19473804:G	G	A	301	30	0.0906344410876133	2	2	3	0.613920082084022	1	0.999999999999357	0.61	0.43	0.84	0.00882560867655581	0.991174391323444	GD	late	Late
TCGA-BT-A42C	0.53	TCGA-BT-A42C:12:124144458:C	C	A	62	35	0.360824742268041	2	2	2	2.08325228554756	2	0.999424386140228	1	0.89	1	0.921621304860713	0.078378695139287	GD	early	Early
TCGA-BT-A42C	0.53	TCGA-BT-A42C:11:7335059:G	G	C	141	69	0.328571428571429	2	0	2	1.23989218328841	1	0.999599679444109	1	0.89	1	0.92390182252114	0.0760981774788605	GD	late	Late
TCGA-BT-A42C	0.53	TCGA-BT-A42C:15:84581959:G	G	T	66	18	0.214285714285714	2	1	2	1.02291105121294	1	0.994060591983161	1	0.66	1	0.414778757342978	0.585221242657022	GD	late	Late
TCGA-BT-A42C	0.53	TCGA-BT-A42C:17:17997132:G	G	A	77	31	0.287037037037037	2	1	2	1.37019566736548	1	0.757117989045768	1	0.82	1	0.77430851539689	0.22569148460311	GD	late	Late
TCGA-BT-A42C	0.53	TCGA-BT-A42C:3:155208658:C	C	G	48	6	0.111111111111111	2	2	4	0.863731656184486	1	0.941407161295905	0.86	0.42	1	0.200634553137837	0.799365446862163	GD	late	Late
TCGA-BT-A42C	0.53	TCGA-BT-A42C:17:77808858:G	G	C	111	19	0.146153846153846	2	2	3	0.989985486211901	1	0.99758200067335	0.99	0.65	1	0.386148990336749	0.613851009663251	GD	late	Late
TCGA-BT-A42C	0.53	TCGA-BT-A42C:16:30990892:C	C	A	36	10	0.217391304347826	2	2	2	1.25512715340443	1	0.738048168890501	1	0.62	1	0.412327198489205	0.587672801510795	GD	late	Late
TCGA-BT-A42C	0.53	TCGA-BT-A42C:17:73282503:G	G	C	199	15	0.0700934579439252	2	0	3	0.334597072826662	1	0.999999999999999	0.33	0.2	0.52	5.12122282356908e-07	0.999999487877718	GD	late	Late
TCGA-BT-A42C	0.53	TCGA-BT-A42C:17:61607729:G	G	A	163	26	0.137566137566138	2	1	4	0.931815912947988	1	0.999948849147167	0.93	0.66	1	0.367335807606279	0.632664192393722	GD	late	Late
TCGA-BT-A42C	0.53	TCGA-BT-A42C:9:138650354:G	G	A	31	33	0.515625	2	0	2	1.94575471698113	2	0.997305533521996	1	0.89	1	0.919597513084324	0.0804024869156765	GD	early	Early
TCGA-BT-A42C	0.53	TCGA-BT-A42C:5:78672000:T	T	C	58	44	0.431372549019608	2	2	2	2.49056603773585	2	0.999997325670738	1	0.92	1	0.971407888920632	0.0285921110793685	GD	early	Early
TCGA-BT-A42C	0.53	TCGA-BT-A42C:6:24205258:T	T	A	387	25	0.0606796116504854	2	1	4	0.411018501557062	1	1	0.41	0.28	0.59	1.20544142496508e-06	0.999998794558575	GD	late	Late
TCGA-BT-A42C	0.53	TCGA-BT-A42C:18:10671628:C	C	T	64	28	0.304347826086957	2	2	6	2.97456931911403	3	0.708268682222699	1	0.88	1	0.904437511076043	0.0955624889239574	GD	early	Early
TCGA-BT-A42C	0.53	TCGA-BT-A42C:7:86416022:C	C	T	83	15	0.153061224489796	2	2	2	0.88371197535618	1	0.998609427909458	0.88	0.57	1	0.268143287974363	0.731856712025637	GD	late	Late
TCGA-BT-A42C	0.53	TCGA-BT-A42C:3:52398863:C	C	G	51	16	0.238805970149254	2	1	1	0.901154604336806	1	1	0.9	0.6	1	0.294664289948334	0.705335710051666	GD	Not.Poss	Early
TCGA-BT-A42C	0.53	TCGA-BT-A42C:8:8748771:C	C	G	104	7	0.0630630630630631	2	1	3	0.364099949005609	1	0.999999427618682	0.36	0.16	0.68	0.0016430613243226	0.998356938675677	GD	late	Late
TCGA-BT-A42C	0.53	TCGA-BT-A42C:1:115600206:G	G	C	269	23	0.0787671232876712	2	2	2	0.454768674075989	1	0.999999999999999	0.45	0.3	0.65	4.70523737569267e-05	0.999952947626243	GD	late	Late
TCGA-BT-A42C	0.53	TCGA-BT-A42C:7:2978460:C	C	T	65	7	0.0972222222222222	2	2	2	0.561320754716981	1	0.999508991491043	0.56	0.29	0.96	0.0526630802906124	0.947336919709388	GD	late	Late
TCGA-BT-A42C	0.53	TCGA-BT-A42C:9:17086:G	G	A	53	9	0.145161290322581	2	1	1	0.547778454047474	1	1	0.55	0.29	0.9	0.0289620579872671	0.971037942012733	GD	Not.Poss	Late
TCGA-BT-A42C	0.53	TCGA-BT-A42C:2:105859329:G	G	A	195	21	0.0972222222222222	2	2	2	0.561320754716981	1	0.999999999881448	0.56	0.36	0.81	0.00609197210847607	0.993908027891524	GD	late	Late
TCGA-BT-A42C	0.53	TCGA-BT-A42C:6:28200426:G	G	C	85	13	0.13265306122449	2	2	3	0.898536773199846	1	0.995751585164905	0.9	0.55	1	0.268589697881131	0.731410302118869	GD	late	Late
TCGA-BT-A42C	0.53	TCGA-BT-A42C:10:99400862:C	C	G	28	8	0.222222222222222	2	1	1	0.838574423480084	1	1	0.84	0.47	1	0.205548000839033	0.794451999160967	GD	Not.Poss	Early
TCGA-BT-A42C	0.53	TCGA-BT-A42C:14:23829056:C	C	T	137	31	0.18452380952381	2	1	2	0.880840071877808	1	0.99999888439579	0.88	0.66	1	0.312644125895292	0.687355874104708	GD	late	Late
TCGA-BT-A42C	0.53	TCGA-BT-A42C:17:74097809:T	T	C	285	31	0.0981012658227848	2	2	4	0.762598519226176	1	0.999999995239546	0.76	0.57	0.99	0.126774634682836	0.873225365317163	GD	late	Late
TCGA-BT-A42C	0.53	TCGA-BT-A42C:1:8617577:C	C	G	30	22	0.423076923076923	2	1	2	2.01959361393324	2	0.987332376631779	1	0.84	1	0.813645498753817	0.186354501246183	GD	early	Early
TCGA-BT-A42C	0.53	TCGA-BT-A42C:11:65349507:C	C	T	81	19	0.19	2	2	2	1.09698113207547	1	0.984487346617863	1	0.69	1	0.475266556751494	0.524733443248506	GD	late	Late
TCGA-BT-A42C	0.53	TCGA-BT-A42C:6:27425078:T	T	A	134	12	0.0821917808219178	2	2	3	0.556733005944689	1	0.999998215822636	0.56	0.32	0.89	0.0247648338546026	0.975235166145397	GD	late	Late
TCGA-BT-A42C	0.53	TCGA-BT-A42C:10:90672881:C	C	G	84	34	0.288135593220339	2	1	2	1.37543971858011	1	0.759942345910748	1	0.84	1	0.802425188344068	0.197574811655932	GD	late	Late
TCGA-BT-A42C	0.53	TCGA-BT-A42C:3:52294439:C	C	T	47	15	0.241935483870968	2	1	1	0.912964090079123	1	1	0.91	0.59	1	0.300370472127074	0.699629527872926	GD	Not.Poss	Early
TCGA-BT-A42C	0.53	TCGA-BT-A42C:10:93726464:C	C	T	58	30	0.340909090909091	2	1	2	1.62735849056604	2	0.913696855017362	1	0.85	1	0.839168514765416	0.160831485234584	GD	early	Early
TCGA-BT-A42C	0.53	TCGA-BT-A42C:2:159477589:G	G	C	102	6	0.0555555555555556	2	2	3	0.376310272536688	1	0.999992385169799	0.38	0.16	0.74	0.00470924772001765	0.995290752279982	GD	late	Late
TCGA-BT-A42C	0.53	TCGA-BT-A42C:1:35365869:C	C	T	187	18	0.0878048780487805	2	1	2	0.419144040497009	1	0.999999999999941	0.42	0.26	0.62	3.49576228962153e-05	0.999965042377104	GD	late	Late
TCGA-BT-A42C	0.53	TCGA-BT-A42C:2:220136071:T	T	C	130	8	0.0579710144927536	2	1	2	0.276729559748428	1	0.999999999928685	0.28	0.13	0.5	6.3537315135045e-06	0.999993646268487	GD	late	Late
TCGA-BT-A42C	0.53	TCGA-BT-A42C:5:37169135:C	C	T	96	55	0.364238410596026	2	2	2	2.10296138947895	2	0.999993665543202	1	0.93	1	0.980542027604828	0.019457972395172	GD	early	Early
TCGA-BT-A42C	0.53	TCGA-BT-A42C:15:74963915:T	T	G	146	9	0.0580645161290323	2	1	1	0.21911138161899	1	1	0.22	0.11	0.38	1.17734295808071e-09	0.999999998822657	GD	Not.Poss	Late
TCGA-BT-A42C	0.53	TCGA-BT-A42C:18:9255911:T	T	A	51	5	0.0892857142857143	2	2	6	0.872641509433962	1	0.903723242665751	0.87	0.39	1	0.193721654053682	0.806278345946318	GD	late	Late
TCGA-BT-A42C	0.53	TCGA-BT-A42C:1:45981460:G	G	C	57	67	0.540322580645161	2	1	2	2.5792757151552	2	0.999999998704769	1	0.95	1	0.996556296591639	0.00344370340836117	GD	early	Early
TCGA-BT-A42C	0.53	TCGA-BT-A42C:4:41984468:C	C	G	262	70	0.210843373493976	2	1	2	1.00647874516936	1	0.999999999263494	1	0.81	1	0.680242514185546	0.319757485814454	GD	late	Late
TCGA-BT-A42C	0.53	TCGA-BT-A42C:17:73498040:G	G	C	148	11	0.0691823899371069	2	2	4	0.537795182152605	1	0.999997318856236	0.54	0.29	0.88	0.0225053958266914	0.977494604173308	GD	late	Late
TCGA-BT-A42C	0.53	TCGA-BT-A42C:1:10523593:G	G	T	167	40	0.193236714975845	2	1	2	0.922431865828092	1	0.999999838336578	0.92	0.71	1	0.409405495886467	0.590594504113533	GD	late	Late
TCGA-BT-A42C	0.53	TCGA-BT-A42C:4:141489011:G	G	A	136	28	0.170731707317073	2	1	2	0.815002300966406	1	0.99999967764438	0.82	0.61	1	0.203767992573657	0.796232007426343	GD	late	Late
TCGA-BT-A42C	0.53	TCGA-BT-A42C:2:172945092:G	G	A	167	255	0.604265402843602	2	1	5	4.69730841455781	5	0.931833303347993	1	1	1	1	8.94484543290216e-127	GD	early	Early
TCGA-BT-A42C	0.53	TCGA-BT-A42C:2:55407749:G	G	T	76	49	0.392	2	2	3	2.65524528301887	3	0.804356919080046	1	0.93	1	0.981211288293368	0.0187887117066321	GD	early	Early
TCGA-BT-A42C	0.53	TCGA-BT-A42C:2:15448382:T	T	A	89	7	0.0729166666666667	2	1	2	0.348073899371069	1	0.999999763812985	0.35	0.16	0.65	0.000806538566775512	0.999193461433225	GD	late	Late
TCGA-BT-A42C	0.53	TCGA-BT-A42C:12:68553296:G	G	C	51	5	0.0892857142857143	2	2	14	1.58692722371968	2	0.471208664632279	1	0.5	1	0.321532856655566	0.678467143344434	GD	early	Early
TCGA-BT-A42C	0.53	TCGA-BT-A42C:8:12958064:G	G	A	118	17	0.125925925925926	2	1	3	0.727044025157233	1	0.999990823456775	0.73	0.5	1	0.116990084954791	0.883009915045209	GD	late	Late
TCGA-BT-A42C	0.53	TCGA-BT-A42C:1:16203049:C	C	G	90	33	0.268292682926829	2	1	2	1.28071790151864	1	0.947496403069006	1	0.82	1	0.751259507570634	0.248740492429366	GD	late	Late
TCGA-BT-A42C	0.53	TCGA-BT-A42C:1:155172605:C	C	T	143	42	0.227027027027027	2	2	4	1.76481387047425	2	0.993963833609837	1	0.89	1	0.918155261570776	0.0818447384292245	GD	early	Early
TCGA-BT-A42C	0.53	TCGA-BT-A42C:14:65381210:C	C	T	195	84	0.301075268817204	2	1	2	1.43720835869345	1	0.555341618816098	1	0.93	1	0.980993541864879	0.0190064581351206	GD	late	Late
TCGA-BT-A42C	0.53	TCGA-BT-A42C:17:74936492:C	C	T	180	85	0.320754716981132	2	2	4	2.49341402634389	3	0.592578098083069	1	0.96	1	0.998381998801133	0.00161800119886675	GD	early	Early
TCGA-BT-A42C	0.53	TCGA-BT-A42C:17:75189528:C	C	T	92	6	0.0612244897959184	2	2	4	0.475933769734309	1	0.9997856904765	0.48	0.21	0.89	0.0277723618123287	0.972227638187671	GD	late	Late
TCGA-BT-A42C	0.53	TCGA-BT-A42C:19:43441225:C	C	A	161	34	0.174358974358974	2	1	3	1.0066763425254	1	0.999963108985811	1	0.73	1	0.512276755886308	0.487723244113692	GD	late	Late
TCGA-BT-A42C	0.53	TCGA-BT-A42C:12:57985171:C	C	T	258	101	0.28133704735376	2	2	3	1.90566037735849	2	0.999994102844373	1	0.96	1	0.998244588431887	0.00175541156811339	GD	early	Early
TCGA-BT-A42C	0.53	TCGA-BT-A42C:12:66639035:T	T	C	372	77	0.171492204899777	2	3	8	2.19057023994621	2	0.980731904508491	1	0.94	1	0.993895132927162	0.0061048670728384	GD	early	Early
TCGA-BT-A42C	0.53	TCGA-BT-A42C:17:78195377:G	G	C	20	22	0.523809523809524	2	2	3	3.54806828391734	3	0.938170884633068	1	0.87	1	0.875817859265201	0.124182140734799	GD	early	Early
TCGA-BT-A42C	0.53	TCGA-BT-A42C:14:47504376:C	C	G	108	57	0.345454545454545	2	2	2	1.99451114922813	2	0.999982104760224	1	0.93	1	0.979921708862807	0.0200782911371925	GD	early	Early
TCGA-BT-A42C	0.53	TCGA-BT-A42C:6:7904949:G	G	A	46	55	0.544554455445545	2	1	4	3.68858583971605	4	0.713211519474153	1	0.94	1	0.993901016157218	0.00609898384278226	GD	early	Early
TCGA-BT-A42C	0.53	TCGA-BT-A42C:16:85100858:C	C	T	98	6	0.0576923076923077	2	2	2	0.333091436865022	1	0.999999037940727	0.33	0.14	0.66	0.00122899034932784	0.998771009650672	GD	late	Late
TCGA-BT-A42C	0.53	TCGA-BT-A42C:19:41930481:G	G	A	149	38	0.203208556149733	2	1	3	1.17324185248714	1	0.997646031681191	1	0.8	1	0.712152514930277	0.287847485069723	GD	late	Late
TCGA-BT-A42C	0.53	TCGA-BT-A42C:21:43704774:T	T	C	157	15	0.0872093023255814	2	1	2	0.416301009214568	1	0.999999999992636	0.42	0.25	0.65	0.000127157181806389	0.999872842818194	GD	late	Late
TCGA-BT-A42C	0.53	TCGA-BT-A42C:11:64889086:G	G	A	116	8	0.0645161290322581	2	2	2	0.372489348752282	1	0.999999879539852	0.37	0.18	0.68	0.00114120040256564	0.998858799597434	GD	late	Late
TCGA-BT-A42C	0.53	TCGA-BT-A42C:1:23419953:C	C	T	51	32	0.385542168674699	2	1	2	1.84041827688111	2	0.99178347954115	1	0.87	1	0.888791404384533	0.111208595615467	GD	early	Early
TCGA-BT-A42C	0.53	TCGA-BT-A42C:8:37730513:C	C	T	111	34	0.23448275862069	2	1	2	1.11932335718933	1	0.998896858965088	1	0.78	1	0.646588393633651	0.353411606366349	GD	late	Late
TCGA-BT-A42C	0.53	TCGA-BT-A42C:7:81746455:C	C	T	46	10	0.178571428571429	2	2	2	1.03099730458221	1	0.940914937659769	1	0.56	1	0.322734329627102	0.677265670372898	GD	late	Late
TCGA-BT-A42C	0.53	TCGA-BT-A42C:16:84203923:G	G	A	70	32	0.313725490196078	2	2	2	1.81132075471698	2	0.989164609800991	1	0.87	1	0.875826796146571	0.124173203853429	GD	early	Early
TCGA-BT-A42C	0.53	TCGA-BT-A42C:14:23533347:G	G	T	170	11	0.0607734806629834	2	1	2	0.29010736995726	1	0.99999999999993	0.29	0.16	0.49	4.86231753987742e-07	0.999999513768246	GD	late	Late
TCGA-BT-A42C	0.53	TCGA-BT-A42C:9:15187022:C	C	T	39	39	0.5	2	0	1	1.38679245283019	1	1	1	0.87	1	0.887598420099486	0.112401579900514	GD	Not.Poss	Early
TCGA-BT-A42C	0.53	TCGA-BT-A42C:3:133614257:G	G	T	60	68	0.53125	2	2	3	3.59846698113208	3	0.999829173520988	1	0.96	1	0.998019123316084	0.00198087668391565	GD	early	Early
TCGA-BT-A42C	0.53	TCGA-BT-A42C:6:41126740:A	A	T	104	11	0.0956521739130435	2	1	4	0.647908121410993	1	0.99991331068499	0.65	0.39	0.98	0.0785177739507206	0.921482226049279	GD	late	Late
TCGA-BT-A42C	0.53	TCGA-BT-A42C:19:1482922:C	C	G	34	16	0.32	2	1	2	1.52754716981132	2	0.649318873741404	1	0.75	1	0.62770321184582	0.37229678815418	GD	early	Early
TCGA-BT-A42C	0.53	TCGA-BT-A42C:19:35793494:G	G	A	137	28	0.16969696969697	2	1	3	0.979759862778731	1	0.999895926623322	0.98	0.7	1	0.441661371842498	0.558338628157502	GD	late	Late
TCGA-BT-A42C	0.53	TCGA-BT-A42C:12:132504716:G	G	A	94	27	0.223140495867769	2	1	2	1.06518010291595	1	0.99868532757284	1	0.73	1	0.536349213730492	0.463650786269508	GD	late	Late
TCGA-BT-A42C	0.53	TCGA-BT-A42C:3:124436142:G	G	A	82	71	0.464052287581699	2	2	3	3.14329757060057	3	0.997975243337558	1	0.95	1	0.997904872567824	0.00209512743217572	GD	early	Early
TCGA-BT-A42C	0.53	TCGA-BT-A42C:8:17611869:G	G	C	143	75	0.344036697247706	2	1	3	1.98632508222261	2	0.999356058664387	1	0.94	1	0.993730043570925	0.00626995642907498	GD	early	Early
TCGA-BT-A42C	0.53	TCGA-BT-A42C:13:25281419:C	C	T	130	52	0.285714285714286	2	0	2	1.07816711590296	1	0.999994900416613	1	0.82	1	0.732558191378064	0.267441808621936	GD	late	Late
TCGA-BT-A42C	0.53	TCGA-BT-A42C:15:34080596:C	C	T	86	15	0.148514851485149	2	1	1	0.560433401830749	1	1	0.56	0.34	0.85	0.012318984508805	0.987681015491195	GD	Not.Poss	Late
TCGA-BT-A42C	0.53	TCGA-BT-A42C:11:66359149:T	T	A	265	16	0.0569395017793594	2	2	4	0.442624051567851	1	0.999999999986891	0.44	0.26	0.68	0.000450016055174687	0.999549983944825	GD	late	Late
TCGA-BT-A42C	0.53	TCGA-BT-A42C:10:17107518:C	C	T	217	54	0.199261992619926	2	1	3	1.15045603286222	1	0.999925747194913	1	0.84	1	0.789613465284906	0.210386534715094	GD	late	Late
TCGA-BT-A42C	0.53	TCGA-BT-A42C:8:110489537:C	C	T	45	34	0.430379746835443	2	2	4	3.34559350370193	3	0.584938673064463	1	0.91	1	0.95187741804322	0.0481225819567804	GD	early	Early
TCGA-BT-A42C	0.53	TCGA-BT-A42C:3:52725636:G	G	A	31	5	0.138888888888889	2	1	1	0.524109014675052	1	1	0.52	0.24	0.95	0.0479013897441858	0.952098610255814	GD	Not.Poss	Late
TCGA-BT-A42C	0.53	TCGA-BT-A42C:1:27699711:C	C	G	71	34	0.323809523809524	2	1	2	1.54573225516622	2	0.827919951818248	1	0.86	1	0.853704348645241	0.146295651354759	GD	early	Early
TCGA-BT-A42C	0.53	TCGA-BT-A42C:4:85672647:G	G	C	72	14	0.162790697674419	2	1	2	0.777095217200527	1	0.999754446406867	0.78	0.51	1	0.168995422776457	0.831004577223543	GD	late	Late
TCGA-BT-A42C	0.53	TCGA-BT-A42C:13:73636804:C	C	G	89	18	0.168224299065421	2	0	1	0.466584376653148	1	1	0.47	0.3	0.68	0.000140280660663314	0.999859719339337	GD	Not.Poss	Late
TCGA-BT-A42C	0.53	TCGA-BT-A42C:4:85672677:G	G	C	90	14	0.134615384615385	2	1	2	0.642597968069666	1	0.999994342375167	0.64	0.4	0.95	0.0572028554544274	0.942797144545573	GD	late	Late
TCGA-BT-A42C	0.53	TCGA-BT-A42C:19:2102196:C	C	T	158	146	0.480263157894737	2	1	2	2.2925769612711	2	1	1	0.98	1	0.999988014458243	1.19855417568938e-05	GD	early	Early
TCGA-BT-A42C	0.53	TCGA-BT-A42C:17:27064966:G	G	C	163	10	0.0578034682080925	2	2	2	0.333733231541062	1	0.999999999900671	0.33	0.17	0.57	4.57495244005112e-05	0.9999542504756	GD	late	Late
TCGA-BT-A42C	0.53	TCGA-BT-A42C:5:6337301:C	C	T	189	18	0.0869565217391304	2	2	2	0.502050861361772	1	0.999999999929562	0.5	0.31	0.75	0.00184632801421826	0.998153671985782	GD	late	Late
TCGA-BT-A42C	0.53	TCGA-BT-A42C:10:51749116:A	A	G	53	5	0.0862068965517241	2	1	2	0.411515940143136	1	0.999830834140275	0.41	0.16	0.82	0.0136868475355898	0.98631315246441	GD	late	Late
TCGA-BT-A42C	0.53	TCGA-BT-A42C:1:215792292:G	G	A	107	8	0.0695652173913043	2	2	3	0.471205906480722	1	0.999989163041528	0.47	0.23	0.84	0.0143102684981988	0.985689731501801	GD	late	Late
TCGA-BT-A42C	0.53	TCGA-BT-A42C:13:32936817:C	C	T	25	22	0.468085106382979	2	0	3	2.23444399839422	2	0.71388391465594	1	0.85	1	0.834599654835153	0.165400345164847	GD	early	Early
TCGA-BT-A42C	0.53	TCGA-BT-A42C:3:12571305:C	C	G	120	56	0.318181818181818	2	2	3	2.15523156089194	2	0.963637251151854	1	0.93	1	0.981206191361772	0.0187938086382281	GD	early	Early
TCGA-BT-A42C	0.53	TCGA-BT-A42C:14:59791171:A	A	T	27	7	0.205882352941176	2	2	2	1.18867924528302	1	0.73824342102039	1	0.53	1	0.326845199794301	0.673154800205699	GD	late	Late
TCGA-BT-A42C	0.53	TCGA-BT-A42C:20:469337:T	T	C	33	47	0.5875	2	1	2	2.80448113207547	2	0.999999865139421	1	0.93	1	0.984918952884261	0.0150810471157395	GD	early	Early
TCGA-BT-A42C	0.53	TCGA-BT-A42C:17:51900906:G	G	A	209	87	0.293918918918919	2	2	4	2.28480367159612	2	0.942794772499015	1	0.95	1	0.998011280521513	0.00198871947848737	GD	early	Early
TCGA-BT-A42C	0.53	TCGA-BT-A42C:2:141130656:A	A	C	98	7	0.0666666666666667	2	2	3	0.451572327044025	1	0.999976284531509	0.45	0.21	0.84	0.0139733551881655	0.986026644811835	GD	late	Late
TCGA-BT-A42C	0.53	TCGA-BT-A42C:2:85778102:C	C	G	120	101	0.457013574660633	2	2	2	2.63860667634253	2	0.999999999999983	1	0.97	1	0.999737435510243	0.000262564489757027	GD	early	Early
TCGA-BT-A42C	0.53	TCGA-BT-A42C:19:19337300:C	C	T	110	13	0.105691056910569	2	1	1	0.398834177021015	1	1	0.4	0.23	0.63	0.000102959199124868	0.999897040800875	GD	Not.Poss	Late
TCGA-BT-A42C	0.53	TCGA-BT-A42C:2:141092027:G	G	A	67	35	0.343137254901961	2	2	3	2.32426933037366	2	0.704116277730996	1	0.89	1	0.93086877268054	0.0691312273194596	GD	early	Early
TCGA-BT-A42C	0.53	TCGA-BT-A42C:11:66189921:G	G	A	206	63	0.234200743494424	2	2	4	1.82057936452269	2	0.999768068429745	1	0.92	1	0.977161921684372	0.0228380783156277	GD	early	Early
TCGA-BT-A42C	0.53	TCGA-BT-A42C:4:83557961:G	G	A	19	21	0.525	2	1	2	2.5061320754717	2	0.997926919024337	1	0.85	1	0.841311073197126	0.158688926802874	GD	early	Early
TCGA-BT-A42C	0.53	TCGA-BT-A42C:4:160271403:C	C	G	29	10	0.256410256410256	2	1	1	0.96758587324625	1	1	0.97	0.55	1	0.298873228961862	0.701126771038138	GD	Not.Poss	Early
TCGA-BT-A42C	0.53	TCGA-BT-A42C:11:68703726:A	A	G	410	33	0.0744920993227991	2	3	3	0.579070658886665	1	0.999999999999998	0.58	0.41	0.79	0.00213748499785287	0.997862515002147	GD	late	Late
TCGA-BT-A42C	0.53	TCGA-BT-A42C:3:183670874:C	C	T	109	57	0.343373493975904	2	3	3	2.66924300977495	3	0.85285138167462	1	0.94	1	0.98914807359789	0.0108519264021103	GD	early	Early
TCGA-BT-A42C	0.53	TCGA-BT-A42C:16:17232337:C	C	A	102	11	0.0973451327433628	2	2	2	0.562030389046585	1	0.999993523192997	0.56	0.31	0.9	0.0298131045908857	0.970186895409114	GD	late	Late
TCGA-BT-A42C	0.53	TCGA-BT-A42C:4:119951548:G	G	C	54	53	0.495327102803738	2	1	2	2.36448598130841	2	0.999999397260903	1	0.93	1	0.986281115235772	0.0137188847642278	GD	early	Early
TCGA-BT-A42C	0.53	TCGA-BT-A42C:2:69002357:G	G	T	599	45	0.0698757763975155	2	2	2	0.403433727879995	1	1	0.4	0.3	0.52	1.72894751258253e-11	0.999999999982711	GD	late	Late
TCGA-BT-A42C	0.53	TCGA-BT-A42C:5:33989503:C	C	T	83	63	0.431506849315068	2	2	2	2.49134143189455	2	0.999999989591996	1	0.94	1	0.993459274983449	0.00654072501655151	GD	early	Early
TCGA-BT-A42C	0.53	TCGA-BT-A42C:12:994879:G	G	A	68	71	0.510791366906475	2	1	2	2.43830595900638	2	0.999999998125404	1	0.95	1	0.996997168222963	0.00300283177703654	GD	early	Early
TCGA-BT-A42C	0.53	TCGA-BT-A42C:19:49254435:C	C	T	93	23	0.198275862068966	2	1	3	1.14476252439818	1	0.984466440637834	1	0.73	1	0.55436794197152	0.44563205802848	GD	late	Late
TCGA-BT-A42C	0.53	TCGA-BT-A42C:9:131367332:G	G	C	25	37	0.596774193548387	2	0	2	2.25197808886184	2	0.999900618548576	1	0.91	1	0.956459819323647	0.0435401806763527	GD	early	Early
TCGA-BT-A42C	0.53	TCGA-BT-A42C:19:18375916:C	C	T	100	15	0.130434782608696	2	1	1	0.492206726825267	1	1	0.49	0.29	0.75	0.00202277868353308	0.997977221316467	GD	Not.Poss	Late
TCGA-BT-A42C	0.53	TCGA-BT-A42C:2:120725515:G	G	A	85	52	0.37956204379562	2	2	2	2.19143368682	2	0.999995515572434	1	0.93	1	0.978667953974189	0.0213320460258105	GD	early	Early
TCGA-BT-A42C	0.53	TCGA-BT-A42C:20:3305600:C	C	A	114	36	0.24	2	1	2	1.14566037735849	1	0.998452593547485	1	0.79	1	0.685538461829667	0.314461538170333	GD	late	Late
TCGA-BT-A42C	0.53	TCGA-BT-A42C:12:550970:C	C	A	116	13	0.10077519379845	2	1	2	0.481058943981278	1	0.999999984963753	0.48	0.27	0.76	0.0033258549477447	0.996674145052255	GD	late	Late
TCGA-BT-A42C	0.53	TCGA-BT-A42C:11:88386506:G	G	C	74	11	0.129411764705882	2	0	2	0.48834628190899	1	0.999999662054552	0.49	0.27	0.8	0.0060237440345768	0.993976255965423	GD	late	Late
TCGA-BT-A42C	0.53	TCGA-BT-A42C:20:42159033:C	C	A	220	16	0.0677966101694915	2	2	3	0.459226095299009	1	0.999999999951569	0.46	0.28	0.71	0.000799023776783773	0.999200976223216	GD	late	Late
TCGA-BT-A42C	0.53	TCGA-BT-A42C:7:100469281:C	C	T	49	35	0.416666666666667	2	1	2	1.98899371069182	2	0.998724719939064	1	0.89	1	0.92205033192318	0.0779496680768202	GD	early	Early
TCGA-BT-A42C	0.53	TCGA-BT-A42C:16:21133386:G	G	A	70	31	0.306930693069307	2	2	2	1.77209041658883	2	0.9819092573247	1	0.86	1	0.862592609420499	0.137407390579501	GD	early	Early
TCGA-BT-A42C	0.53	TCGA-BT-A42C:19:22271880:C	C	A	22	15	0.405405405405405	2	1	1	1.52983171851096	1	1	1	0.75	1	0.62711166610229	0.37288833389771	GD	Not.Poss	Early
TCGA-BT-A42C	0.53	TCGA-BT-A42C:1:46086690:G	G	A	26	26	0.5	2	1	2	2.38679245283019	2	0.999198758072963	1	0.87	1	0.887752484803873	0.112247515196127	GD	early	Early
TCGA-BT-A42C	0.53	TCGA-BT-A42C:1:161954646:A	A	G	382	76	0.165938864628821	2	3	4	1.45587871796984	2	0.617047532689209	1	0.91	1	0.964786141220439	0.0352138587795615	GD	early	Early
TCGA-BT-A42C	0.53	TCGA-BT-A42C:9:131356499:G	G	A	36	43	0.544303797468354	2	0	2	2.05397659422021	2	0.999859523346548	1	0.92	1	0.966136917303889	0.0338630826961114	GD	early	Early
TCGA-BT-A42C	0.53	TCGA-BT-A42C:19:50266516:C	C	T	115	27	0.190140845070423	2	1	3	1.0977943130481	1	0.997212437270637	1	0.74	1	0.557756336582376	0.442243663417624	GD	late	Late
TCGA-BT-A42C	0.53	TCGA-BT-A42C:20:33719493:T	T	A	357	40	0.100755667506297	2	2	2	0.581721401074093	1	1	0.58	0.43	0.77	0.000728005772342951	0.999271994227657	GD	late	Late
TCGA-BT-A42C	0.53	TCGA-BT-A42C:1:173754326:C	C	T	44	32	0.421052631578947	2	2	2	2.43098311817279	2	0.999878722878366	1	0.89	1	0.924809919364474	0.0751900806355258	GD	early	Early
TCGA-BT-A42C	0.53	TCGA-BT-A42C:4:123855676:A	A	G	64	14	0.179487179487179	2	1	2	0.856797290759555	1	0.998689271263808	0.86	0.55	1	0.241752839766032	0.758247160233968	GD	late	Late
TCGA-BT-A42C	0.53	TCGA-BT-A42C:11:67269467:C	C	T	85	38	0.308943089430894	2	2	4	2.40159533670808	2	0.600515655273621	1	0.9	1	0.944453742097821	0.0555462579021792	GD	early	Early
TCGA-BT-A42C	0.53	TCGA-BT-A42C:13:95121217:A	A	C	202	94	0.317567567567568	2	0	2	1.19836817950025	1	0.999998298783081	1	0.91	1	0.954180084895438	0.045819915104562	GD	late	Late
TCGA-BT-A42C	0.53	TCGA-BT-A42C:19:20045094:G	G	A	41	23	0.359375	2	1	1	1.3561320754717	1	1	1	0.79	1	0.69884521809112	0.30115478190888	GD	Not.Poss	Early
TCGA-BT-A42C	0.53	TCGA-BT-A42C:2:132290451:G	G	C	97	8	0.0761904761904762	2	2	2	0.43989218328841	1	0.999996763766167	0.44	0.21	0.79	0.00730971484238404	0.992690285157616	GD	late	Late
TCGA-BT-A42C	0.53	TCGA-BT-A42C:7:99758066:C	C	T	147	47	0.242268041237113	2	1	2	1.15648706477339	1	0.99968492940699	1	0.83	1	0.768106202586383	0.231893797413617	GD	late	Late
TCGA-BT-A42C	0.53	TCGA-BT-A42C:19:15512114:G	G	C	93	87	0.483333333333333	2	1	2	2.30723270440252	2	0.999999999846342	1	0.96	1	0.998928460199007	0.00107153980099301	GD	early	Early
TCGA-BT-A42C	0.53	TCGA-BT-A42C:3:44490077:C	C	T	80	16	0.166666666666667	2	1	1	0.628930817610063	1	1	0.63	0.4	0.92	0.0371254233417555	0.962874576658244	GD	Not.Poss	Late
TCGA-BT-A42C	0.53	TCGA-BT-A42C:11:51515813:G	G	C	192	12	0.0588235294117647	2	2	2	0.339622641509434	1	0.999999999998149	0.34	0.19	0.56	1.2858417443739e-05	0.999987141582556	GD	late	Late
TCGA-BT-A42C	0.53	TCGA-BT-A42C:17:37265201:G	G	C	29	14	0.325581395348837	2	2	2	1.87977182974989	2	0.905196705163589	1	0.75	1	0.643827003908619	0.356172996091381	GD	early	Early
TCGA-BT-A42C	0.53	TCGA-BT-A42C:4:109663675:T	T	G	127	16	0.111888111888112	2	1	2	0.53410740203193	1	0.999999993594872	0.53	0.33	0.81	0.00654589074757587	0.993454109252424	GD	late	Late
TCGA-BT-A42C	0.53	TCGA-BT-A42C:17:12656344:C	C	T	122	8	0.0615384615384615	2	2	2	0.355297532656023	1	0.999999957389386	0.36	0.17	0.64	0.000605734234891637	0.999394265765108	GD	late	Late
TCGA-BT-A42C	0.53	TCGA-BT-A42C:5:140180995:C	C	A	346	58	0.143564356435644	2	1	2	0.685316644872034	1	1	0.69	0.54	0.86	0.00822368976264446	0.991776310237356	GD	late	Late
TCGA-BT-A42C	0.53	TCGA-BT-A42C:13:32937596:C	C	T	65	21	0.244186046511628	2	0	3	1.16564282580079	1	0.969517468593903	1	0.73	1	0.554607524620808	0.445392475379192	GD	late	Late
TCGA-BT-A42C	0.53	TCGA-BT-A42C:1:166927059:G	G	A	174	46	0.209090909090909	2	2	4	1.6253859348199	2	0.972919334859126	1	0.89	1	0.916895152966773	0.083104847033227	GD	early	Early
TCGA-BT-A42C	0.53	TCGA-BT-A42C:17:39991455:T	T	A	72	49	0.40495867768595	2	2	2	2.33806330890379	2	0.999997754759135	1	0.92	1	0.977518666178358	0.0224813338216418	GD	early	Early
TCGA-BT-A42C	0.53	TCGA-BT-A42C:6:39545887:C	C	A	201	19	0.0863636363636364	2	1	4	0.584991423670669	1	0.999999995887819	0.59	0.37	0.86	0.015475486984663	0.984524513015337	GD	late	Late
TCGA-BT-A42C	0.53	TCGA-BT-A42C:20:9400495:C	C	T	277	23	0.0766666666666667	2	2	3	0.519308176100629	1	0.999999999999511	0.52	0.34	0.74	0.00117523430752243	0.998824765692478	GD	late	Late
TCGA-BT-A42C	0.53	TCGA-BT-A42C:10:96454775:C	C	T	68	6	0.0810810810810811	2	1	2	0.387047424783274	1	0.999988149079952	0.39	0.16	0.74	0.00502555768115998	0.99497444231884	GD	late	Late
TCGA-BT-A42C	0.53	TCGA-BT-A42C:1:67155919:T	T	C	235	17	0.0674603174603175	2	1	2	0.322027553159629	1	1	0.32	0.2	0.49	2.43600490141804e-08	0.999999975639951	GD	late	Late
TCGA-BT-A42C	0.53	TCGA-BT-A42C:2:190718983:C	C	T	47	9	0.160714285714286	2	1	6	1.41004043126685	1	0.52001949481078	1	0.61	1	0.419436800312837	0.580563199687163	GD	late	Late
TCGA-BT-A42C	0.53	TCGA-BT-A42C:15:82443993:G	G	A	145	14	0.0880503144654088	2	1	2	0.420315652070725	1	0.99999999994392	0.42	0.24	0.66	0.000248958342793492	0.999751041657207	GD	late	Late
TCGA-BT-A42C	0.53	TCGA-BT-A42C:19:58723904:C	C	A	163	11	0.0632183908045977	2	1	3	0.364996746909564	1	0.999999999832935	0.37	0.2	0.61	0.000118170652765191	0.999881829347235	GD	late	Late
TCGA-BT-A42C	0.53	TCGA-BT-A42C:2:136575163:C	C	G	85	9	0.0957446808510638	2	2	3	0.648534725010036	1	0.999518958841789	0.65	0.39	1	0.0887955992359916	0.911204400764008	GD	late	Late
TCGA-BT-A42C	0.53	TCGA-BT-A42C:1:23763091:G	G	A	70	56	0.444444444444444	2	1	2	2.12159329140461	2	0.999995966956384	1	0.93	1	0.984970198040991	0.0150298019590091	GD	early	Early
TCGA-BT-A42C	0.53	TCGA-BT-A42C:15:42003201:C	C	T	101	38	0.273381294964029	2	1	1	1.03162752816615	1	1	1	0.77	1	0.591606187525651	0.408393812474349	GD	Not.Poss	Early
TCGA-BT-A42C	0.53	TCGA-BT-A42C:1:212617721:G	G	A	93	12	0.114285714285714	2	2	2	0.659838274932614	1	0.999948222772124	0.66	0.41	0.98	0.0803590734220988	0.919640926577901	GD	late	Late
TCGA-BT-A42C	0.53	TCGA-BT-A42C:6:116757645:C	C	T	127	55	0.302197802197802	2	0	3	1.44256686709517	1	0.500846786366775	1	0.9	1	0.932247496838785	0.0677525031612147	GD	late	Late
TCGA-BT-A42C	0.53	TCGA-BT-A42C:5:70308477:G	G	A	147	15	0.0925925925925926	2	2	2	0.534591194968553	1	0.999999978637223	0.53	0.32	0.82	0.00905473061111671	0.990945269388883	GD	late	Late
TCGA-BT-A42C	0.53	TCGA-BT-A42C:3:71050168:G	G	T	74	17	0.186813186813187	2	1	1	0.704955421936554	1	1	0.7	0.47	0.98	0.0897322037857618	0.910267796214238	GD	Not.Poss	Late
TCGA-BT-A42C	0.53	TCGA-BT-A42C:11:55872777:C	C	A	632	37	0.0553064275037369	2	2	3	0.374622782525312	1	1	0.37	0.27	0.5	2.56510997017942e-11	0.999999999974349	GD	late	Late
TCGA-BT-A42C	0.53	TCGA-BT-A42C:19:47440617:C	C	G	114	9	0.0731707317073171	2	1	3	0.422457432121491	1	0.999999713520028	0.42	0.21	0.74	0.00315882090812856	0.996841179091871	GD	late	Late
TCGA-BT-A42C	0.53	TCGA-BT-A42C:6:155451184:G	G	T	31	68	0.686868686868687	2	0	3	3.27882599580713	3	0.99892299851119	1	0.96	1	0.998403721261165	0.00159627873883482	GD	early	Early
TCGA-BT-A42C	0.53	TCGA-BT-A42C:19:57037045:C	C	G	93	9	0.0882352941176471	2	1	3	0.509433962264151	1	0.999989117473268	0.51	0.26	0.87	0.019699130525687	0.980300869474313	GD	late	Late
TCGA-BT-A42C	0.53	TCGA-BT-A42C:6:78172393:G	G	A	37	69	0.650943396226415	2	0	2	2.4563901744393	2	0.999999997319213	1	0.95	1	0.997659044995472	0.00234095500452826	GD	early	Early
TCGA-BT-A42C	0.53	TCGA-BT-A42C:4:47033934:C	C	T	258	21	0.0752688172043011	2	1	2	0.359302089673362	1	1	0.36	0.23	0.52	5.10114370087393e-08	0.999999948988563	GD	late	Late
TCGA-BT-A42C	0.53	TCGA-BT-A42C:1:155018907:C	C	T	186	16	0.0792079207920792	2	2	4	0.61572949747805	1	0.999999660259022	0.62	0.38	0.92	0.0381436734534871	0.961856326546513	GD	late	Late
TCGA-BT-A42C	0.53	TCGA-BT-A42C:1:145534181:T	T	C	489	37	0.0703422053231939	2	2	4	0.546811105531243	1	1	0.55	0.4	0.73	0.000277549396417322	0.999722450603583	GD	late	Late
TCGA-BT-A42C	0.53	TCGA-BT-A42C:1:33321593:G	G	A	60	25	0.294117647058824	2	1	2	1.40399556048835	1	0.61719152653058	1	0.8	1	0.724157832987055	0.275842167012945	GD	late	Late
TCGA-BT-A42C	0.53	TCGA-BT-A42C:2:43808919:A	A	G	72	8	0.1	2	2	2	0.577358490566038	1	0.999754270068855	0.58	0.31	0.96	0.0535449550600118	0.946455044939988	GD	late	Late
TCGA-BT-A42C	0.53	TCGA-BT-A42C:20:13971261:G	G	T	50	14	0.21875	2	2	3	1.48172169811321	2	0.556339234913121	1	0.71	1	0.557623649171726	0.442376350828274	GD	early	Early
TCGA-BT-A42C	0.53	TCGA-BT-A42C:14:94004479:C	C	T	59	10	0.144927536231884	2	1	2	0.691823899371069	1	0.99945982314985	0.69	0.43	1	0.109381771942667	0.890618228057333	GD	late	Late
TCGA-BT-A42C	0.53	TCGA-BT-A42C:2:111399043:T	T	C	105	37	0.26056338028169	2	2	2	1.50438479936221	2	0.741096307753413	1	0.86	1	0.854892798399768	0.145107201600232	GD	early	Early
TCGA-BT-A42C	0.53	TCGA-BT-A42C:19:12817453:T	T	C	77	7	0.0833333333333333	2	1	2	0.397798742138365	1	0.999997082579137	0.4	0.18	0.74	0.00377916463541083	0.996220835364589	GD	late	Late
TCGA-BT-A42C	0.53	TCGA-BT-A42C:1:222867175:G	G	C	26	11	0.297297297297297	2	2	3	2.0137684854666	2	0.674713363148517	1	0.71	1	0.578321002129261	0.421678997870739	GD	early	Early
TCGA-BT-A42C	0.53	TCGA-BT-A42C:3:109027098:A	A	C	116	13	0.10077519379845	2	2	4	0.783384525376627	1	0.999491600647063	0.78	0.5	1	0.176724122819201	0.823275877180799	GD	late	Late
TCGA-BT-A42C	0.53	TCGA-BT-A42C:9:22451128:C	C	T	17	15	0.46875	2	0	1	1.3001179245283	1	1	1	0.73	1	0.581706143228169	0.418293856771831	GD	Not.Poss	Early
TCGA-BT-A42C	0.53	TCGA-BT-A42C:1:44482736:G	G	T	59	14	0.191780821917808	2	1	2	0.91548203670199	1	0.996273044166517	0.92	0.58	1	0.292044203176914	0.707955796823086	GD	late	Late
TCGA-BT-A42C	0.53	TCGA-BT-A42C:3:186015941:G	G	A	211	33	0.135245901639344	2	2	5	1.18659140117538	1	0.992874293533578	1	0.78	1	0.665601056724178	0.334398943275821	GD	late	Late
TCGA-BT-A42C	0.53	TCGA-BT-A42C:2:55764680:A	A	G	101	6	0.0560747663551402	2	2	3	0.37982719097161	1	0.99999117376087	0.38	0.16	0.75	0.00512344416027519	0.994876555839725	GD	late	Late
TCGA-BT-A42C	0.53	TCGA-BT-A42C:5:134102654:C	C	G	64	10	0.135135135135135	2	1	2	0.645079041305456	1	0.999810418979875	0.65	0.39	0.99	0.0779428317992669	0.922057168200733	GD	late	Late
TCGA-BT-A42C	0.53	TCGA-BT-A42C:17:48156573:C	C	A	266	28	0.0952380952380952	2	2	4	0.740341419586703	1	0.999999989915511	0.74	0.54	0.98	0.105011166305573	0.894988833694427	GD	late	Late
TCGA-BT-A42C	0.53	TCGA-BT-A42C:4:88097923:T	T	G	65	22	0.252873563218391	2	1	2	1.20711342441987	1	0.951480733448153	1	0.74	1	0.592906685286381	0.407093314713619	GD	late	Late
TCGA-BT-A42C	0.53	TCGA-BT-A42C:19:2852510:A	A	G	120	11	0.083969465648855	2	1	2	0.400835373757742	1	0.999999997527581	0.4	0.22	0.67	0.000487012693974905	0.999512987306025	GD	late	Late
TCGA-BT-A42C	0.53	TCGA-BT-A42C:1:53544320:C	C	A	148	44	0.229166666666667	2	1	2	1.0939465408805	1	0.999940105616692	1	0.8	1	0.690317808158509	0.309682191841491	GD	late	Late
TCGA-BT-A42C	0.53	TCGA-BT-A42C:1:206782760:A	A	C	105	12	0.102564102564103	2	2	2	0.592162554426705	1	0.999993521011754	0.59	0.35	0.93	0.0391893907883196	0.96081060921168	GD	late	Late
TCGA-BT-A42C	0.53	TCGA-BT-A42C:1:220233036:G	G	T	136	14	0.0933333333333333	2	2	3	0.632201257861635	1	0.99999604602894	0.63	0.39	0.95	0.0545437026394587	0.945456297360541	GD	late	Late
TCGA-BT-A42C	0.53	TCGA-BT-A42C:6:25921506:A	A	T	129	19	0.128378378378378	2	1	4	0.86958184599694	1	0.999830041283831	0.87	0.59	1	0.26766693405778	0.73233306594222	GD	late	Late
TCGA-BT-A42C	0.53	TCGA-BT-A42C:6:133014264:A	A	G	34	50	0.595238095238095	2	0	3	2.84141958670261	3	0.935620664783271	1	0.94	1	0.988688623321197	0.0113113766788025	GD	early	Early
TCGA-BT-A42C	0.53	TCGA-BT-A42C:19:58198132:G	G	A	94	119	0.55868544600939	2	1	3	3.22561785809195	3	0.999988326656812	1	0.98	1	0.999976547440036	2.34525599643375e-05	GD	early	Early
TCGA-BT-A42C	0.53	TCGA-BT-A42C:10:85991892:G	G	A	52	36	0.409090909090909	2	2	2	2.36192109777015	2	0.999939418986202	1	0.9	1	0.941834351454424	0.0581656485455758	GD	early	Early
TCGA-BT-A42C	0.53	TCGA-BT-A42C:15:50526106:G	G	C	40	7	0.148936170212766	2	1	2	0.710959454034524	1	0.993265935493598	0.71	0.39	1	0.130956880180338	0.869043119819662	GD	late	Late
TCGA-BT-A42C	0.53	TCGA-BT-A42C:7:42005561:G	G	A	60	17	0.220779220779221	2	2	2	1.27468757657437	1	0.825360907382223	1	0.71	1	0.547476816241356	0.452523183758644	GD	late	Late
TCGA-BT-A42C	0.53	TCGA-BT-A42C:17:26087165:C	C	T	104	19	0.154471544715447	2	2	2	0.891854578923148	1	0.999706730463065	0.89	0.61	1	0.292766189003994	0.707233810996006	GD	late	Late
TCGA-BT-A42C	0.53	TCGA-BT-A42C:5:80409473:G	G	T	67	41	0.37962962962963	2	2	2	2.19182389937107	2	0.999939520889344	1	0.91	1	0.953405848960789	0.0465941510392108	GD	early	Early
TCGA-BT-A42C	0.53	TCGA-BT-A42C:1:23420139:C	C	G	29	20	0.408163265306122	2	1	2	1.94840200231036	2	0.973354328946894	1	0.82	1	0.776944541273876	0.223055458726124	GD	early	Early
TCGA-BT-A42C	0.53	TCGA-BT-A42C:7:138764694:T	T	C	70	63	0.473684210526316	2	1	2	2.26117179741807	2	0.999999863455113	1	0.94	1	0.99273296194227	0.00726703805772988	GD	early	Early
TCGA-BT-A42C	0.53	TCGA-BT-A42C:15:44951440:G	G	A	53	16	0.231884057971014	2	1	1	0.875034181022696	1	1	0.88	0.58	1	0.268269812112256	0.731730187887743	GD	Not.Poss	Early
TCGA-BT-A42C	0.53	TCGA-BT-A42C:7:103197585:G	G	C	53	6	0.101694915254237	2	0	2	0.383754397185801	1	0.99998962516392	0.38	0.16	0.73	0.00383848299459922	0.996161517005401	GD	late	Late
TCGA-BT-A42C	0.53	TCGA-BT-A42C:18:6986291:C	C	T	276	31	0.100977198697068	2	2	7	1.0878864236986	1	0.999096254850465	1	0.74	1	0.56379209893273	0.43620790106727	GD	late	Late
TCGA-BT-A42C	0.53	TCGA-BT-A42C:7:142880649:C	C	A	53	7	0.116666666666667	2	1	2	0.556918238993711	1	0.999555066056999	0.56	0.28	0.94	0.0486207926465906	0.951379207353409	GD	late	Late
TCGA-BT-A42C	0.53	TCGA-BT-A42C:3:172472376:C	C	G	17	13	0.433333333333333	2	2	3	2.93522012578616	3	0.696755275874385	1	0.78	1	0.699264460893454	0.300735539106546	GD	early	Early
TCGA-BT-A42C	0.53	TCGA-BT-A42C:13:32936814:C	C	T	25	22	0.468085106382979	2	0	3	2.23444399839422	2	0.71388391465594	1	0.85	1	0.834599654835153	0.165400345164847	GD	early	Early
TCGA-BT-A42C	0.53	TCGA-BT-A42C:1:235884050:G	G	A	112	38	0.253333333333333	2	2	3	1.7159748427673	2	0.983999609850214	1	0.88	1	0.895484240184749	0.104515759815251	GD	early	Early
TCGA-BT-A42C	0.53	TCGA-BT-A42C:3:172472419:C	C	G	15	17	0.53125	2	2	3	3.59846698113208	3	0.897321716460531	1	0.83	1	0.807276221144296	0.192723778855703	GD	early	Early
TCGA-BT-A42C	0.53	TCGA-BT-A42C:17:33977553:C	C	A	82	52	0.388059701492537	2	2	2	2.24049563503239	2	0.999997332865091	1	0.93	1	0.979902389987911	0.0200976100120888	GD	early	Early
TCGA-BT-A42C	0.53	TCGA-BT-A42C:1:26691249:G	G	A	48	58	0.547169811320755	2	1	2	2.61196155215379	2	0.999999984724306	1	0.94	1	0.992996640526014	0.00700335947398622	GD	early	Early
TCGA-BT-A42C	0.53	TCGA-BT-A42C:4:177116553:G	G	T	91	73	0.445121951219512	2	1	2	2.12482742751956	2	0.999999911831232	1	0.95	1	0.995625180269709	0.00437481973029106	GD	early	Early
TCGA-BT-A42C	0.53	TCGA-BT-A42C:6:144508445:C	C	G	25	41	0.621212121212121	2	0	3	2.96540880503145	3	0.942566678604023	1	0.92	1	0.976957554103665	0.0230424458963351	GD	early	Early
TCGA-BT-A42C	0.53	TCGA-BT-A42C:17:4836439:C	C	T	101	17	0.144067796610169	2	2	2	0.831787655900224	1	0.999825673532878	0.83	0.56	1	0.22398008515055	0.77601991484945	GD	late	Late
TCGA-BT-A42C	0.53	TCGA-BT-A42C:5:140537180:C	C	T	105	109	0.509345794392523	2	1	2	2.43140539587374	2	0.999999999999955	1	0.97	1	0.999853460042129	0.000146539957870494	GD	early	Early
TCGA-BT-A42C	0.53	TCGA-BT-A42C:3:58519231:G	G	T	144	10	0.0649350649350649	2	1	1	0.245037980887037	1	1	0.25	0.13	0.42	6.90845073986087e-09	0.999999993091549	GD	Not.Poss	Late
TCGA-BT-A42C	0.53	TCGA-BT-A42C:21:47858159:C	C	T	104	8	0.0714285714285714	2	1	2	0.340970350404313	1	0.99999998345651	0.34	0.16	0.61	0.000273789235881966	0.999726210764118	GD	late	Late
TCGA-BT-A42C	0.53	TCGA-BT-A42C:19:41822706:G	G	A	61	44	0.419047619047619	2	1	3	2.41940700808625	2	0.585599545509223	1	0.92	1	0.969654245508264	0.0303457544917365	GD	early	Early
TCGA-BT-A42C	0.53	TCGA-BT-A42C:14:20215775:T	T	C	143	59	0.292079207920792	2	1	2	1.39426489818793	1	0.805420217778755	1	0.9	1	0.933406685885844	0.0665933141141557	GD	late	Late
TCGA-BT-A42C	0.53	TCGA-BT-A42C:6:30652748:C	C	G	295	16	0.0514469453376206	2	2	3	0.348480252381241	1	0.999999999999999	0.35	0.21	0.54	1.43335236580056e-06	0.999998566647634	GD	late	Late
TCGA-BT-A42C	0.53	TCGA-BT-A42C:1:38079496:G	G	A	117	8	0.064	2	1	2	0.305509433962264	1	0.999999998913814	0.31	0.14	0.55	4.37452138396677e-05	0.99995625478616	GD	late	Late
TCGA-BT-A42C	0.53	TCGA-BT-A42C:16:90099213:C	C	G	166	9	0.0514285714285714	2	2	4	0.399784366576819	1	0.999999914419756	0.4	0.2	0.71	0.00191857893902513	0.998081421060975	GD	late	Late
TCGA-BT-A42C	0.53	TCGA-BT-A42C:8:101075735:A	A	G	68	15	0.180722891566265	2	2	2	1.04341895885429	1	0.981632050711035	1	0.63	1	0.392268366953658	0.607731633046342	GD	late	Late
TCGA-BT-A42C	0.53	TCGA-BT-A42C:2:160257136:C	C	G	39	13	0.25	2	2	3	1.69339622641509	2	0.738769047283189	1	0.72	1	0.582723822657656	0.417276177342344	GD	early	Early
TCGA-BT-A42C	0.53	TCGA-BT-A42C:6:31110756:G	G	C	779	61	0.0726190476190476	2	2	3	0.491891284815813	1	1	0.49	0.39	0.62	1.32650527475918e-08	0.999999986734947	GD	late	Late
TCGA-BT-A42C	0.53	TCGA-BT-A42C:6:35773642:C	C	G	165	311	0.653361344537815	2	1	4	4.42559854130331	4	0.999999995395096	1	1	1	1	1.50963743252013e-151	GD	early	Early
TCGA-BT-A42C	0.53	TCGA-BT-A42C:2:48027760:G	G	T	120	23	0.160839160839161	2	2	2	0.928618551260061	1	0.999853096642224	0.93	0.65	1	0.351914842315337	0.648085157684663	GD	late	Late
TCGA-BT-A42C	0.53	TCGA-BT-A42C:1:152279926:T	T	G	859	75	0.0802997858672377	2	2	4	0.624217203345319	1	1	0.62	0.5	0.77	0.000181233158187036	0.999818766841813	GD	late	Late
TCGA-BT-A42C	0.53	TCGA-BT-A42C:20:43932954:G	G	A	76	49	0.392	2	2	3	2.65524528301887	3	0.804356919080046	1	0.93	1	0.981211288293368	0.0187887117066321	GD	early	Early
TCGA-BT-A42C	0.53	TCGA-BT-A42C:4:1806099:A	A	G	67	159	0.70353982300885	2	0	2	2.65486725663717	2	1	1	1	1	1	4.16098980220847e-49	GD	early	Early
TCGA-BT-A42C	0.53	TCGA-BT-A42C:11:62557492:C	C	T	107	64	0.374269005847953	2	2	2	2.16087388282026	2	0.999999604760091	1	0.94	1	0.990460434237109	0.0095395657628911	GD	early	Early
TCGA-BT-A42C	0.53	TCGA-BT-A42C:17:59857637:G	G	C	84	12	0.125	2	1	4	0.846698113207547	1	0.997142210600873	0.85	0.52	1	0.225057530933918	0.774942469066082	GD	late	Late
TCGA-BT-A42C	0.53	TCGA-BT-A42C:19:39292958:C	C	G	121	171	0.585616438356164	2	1	3	3.38110622899974	3	0.999999992872962	1	1	1	1	7.27113025050414e-63	GD	early	Early
TCGA-BT-A42C	0.53	TCGA-BT-A42C:5:72798768:G	G	A	98	63	0.391304347826087	2	2	2	2.25922887612797	2	0.999999860143872	1	0.94	1	0.991161718369227	0.00883828163077349	GD	early	Early
TCGA-BT-A42C	0.53	TCGA-BT-A42C:2:159035486:A	A	G	39	25	0.390625	2	2	3	2.64593160377359	3	0.665473263212666	1	0.87	1	0.876488454694541	0.123511545305459	GD	early	Early
TCGA-BT-A42C	0.53	TCGA-BT-A42C:2:67630594:G	G	C	87	15	0.147058823529412	2	2	3	0.996115427302997	1	0.990633097626015	1	0.61	1	0.355983903561882	0.644016096438118	GD	late	Late
TCGA-BT-A42C	0.53	TCGA-BT-A42C:16:31195261:C	C	A	199	133	0.400602409638554	2	2	2	2.31291202546033	2	0.999999999999999	1	0.97	1	0.999953590071576	4.64099284235616e-05	GD	early	Early
TCGA-BT-A42C	0.53	TCGA-BT-A42C:1:7723702:G	G	A	126	12	0.0869565217391304	2	1	2	0.415094339622642	1	0.999999998858959	0.42	0.23	0.67	0.000519733557551626	0.999480266442448	GD	late	Late
TCGA-BT-A42C	0.53	TCGA-BT-A42C:10:118357370:G	G	T	86	20	0.188679245283019	2	1	2	0.900676397294411	1	0.999761901978017	0.9	0.62	1	0.308804605178542	0.691195394821458	GD	late	Late
TCGA-BT-A42C	0.53	TCGA-BT-A42C:5:127800489:C	C	G	121	34	0.219354838709677	2	1	2	1.04710894704808	1	0.999864085903546	1	0.75	1	0.570949097989454	0.429050902010546	GD	late	Late
TCGA-BT-A42C	0.53	TCGA-BT-A42C:1:155698905:G	G	A	152	10	0.0617283950617284	2	2	4	0.479850920102492	1	0.999999088646409	0.48	0.25	0.82	0.00996609139637476	0.990033908603625	GD	late	Late
TCGA-BT-A42C	0.53	TCGA-BT-A42C:3:113303564:G	G	C	96	10	0.0943396226415094	2	2	4	0.733357066571734	1	0.998775969646195	0.73	0.44	1	0.141574387733136	0.858425612266864	GD	late	Late
TCGA-BT-A42C	0.53	TCGA-BT-A42C:1:150246527:T	T	A	325	30	0.0845070422535211	2	2	4	0.656922668083976	1	0.999999999984232	0.66	0.46	0.9	0.0261439969917141	0.973856003008286	GD	late	Late
TCGA-BT-A42C	0.53	TCGA-BT-A42C:12:56480394:G	G	C	254	30	0.105633802816901	2	2	3	0.715519532288068	1	0.99999999933628	0.72	0.52	0.96	0.0707706762372523	0.929229323762748	GD	late	Late
TCGA-BT-A42C	0.53	TCGA-BT-A42C:8:144643221:C	C	T	50	6	0.107142857142857	2	1	2	0.511455525606469	1	0.999485778559289	0.51	0.24	0.92	0.0369864463252647	0.963013553674735	GD	late	Late
TCGA-BT-A42C	0.53	TCGA-BT-A42C:9:115216316:G	G	C	49	9	0.155172413793103	2	0	2	0.585556278464541	1	0.99989182751844	0.59	0.32	0.94	0.0459420229988477	0.954057977001152	GD	late	Late
TCGA-BT-A42C	0.53	TCGA-BT-A42C:2:158178129:A	A	G	220	40	0.153846153846154	2	2	3	1.04208998548621	1	0.99997650064047	1	0.76	1	0.588489905956657	0.411510094043343	GD	late	Late
TCGA-BT-A42C	0.53	TCGA-BT-A42C:1:150915383:G	G	A	260	17	0.0613718411552347	2	2	4	0.477079218036918	1	0.999999999956139	0.48	0.29	0.73	0.00123638556545311	0.998763614434547	GD	late	Late
TCGA-BT-A42C	0.53	TCGA-BT-A42C:1:43778138:C	C	T	42	5	0.106382978723404	2	1	2	0.507828181453232	1	0.998307938032571	0.51	0.23	0.94	0.0442910634075429	0.955708936592457	GD	late	Late
TCGA-BT-A42C	0.53	TCGA-BT-A42C:16:68405651:A	A	T	26	9	0.257142857142857	2	2	2	1.48463611859838	2	0.543944602902343	1	0.63	1	0.448114943554622	0.551885056445378	GD	early	Early
TCGA-BT-A42C	0.53	TCGA-BT-A42C:4:148406949:C	C	A	65	41	0.386792452830189	2	1	2	1.84638661445354	2	0.99800178504642	1	0.9	1	0.937671290444168	0.0623287095558321	GD	early	Early
TCGA-BT-A42C	0.53	TCGA-BT-A42C:11:67269826:C	C	T	199	68	0.254681647940075	2	2	4	1.97978941417568	2	0.998857064960842	1	0.93	1	0.987624869565707	0.0123751304342926	GD	early	Early
TCGA-BT-A42C	0.53	TCGA-BT-A42C:2:32340842:G	G	A	48	30	0.384615384615385	2	2	2	2.22060957910015	2	0.999314455588973	1	0.88	1	0.900119581321668	0.0998804186783316	GD	early	Early
TCGA-BT-A42C	0.53	TCGA-BT-A42C:3:129116292:A	A	C	119	22	0.156028368794326	2	2	3	1.05687140372006	1	0.99619228565976	1	0.69	1	0.470353973864819	0.529646026135181	GD	late	Late
TCGA-BT-A42C	0.53	TCGA-BT-A42C:19:9021060:C	C	A	183	13	0.0663265306122449	2	1	2	0.316615325375433	1	0.999999999999988	0.32	0.18	0.51	6.39202084205305e-07	0.999999360797916	GD	late	Late
TCGA-BT-A42C	0.53	TCGA-BT-A42C:5:140579906:G	G	C	96	13	0.119266055045872	2	1	2	0.569326640124632	1	0.999999007540608	0.57	0.33	0.88	0.0230922889360508	0.976907711063949	GD	late	Late
TCGA-BT-A42C	0.53	TCGA-BT-A42C:10:115804383:C	C	A	89	70	0.440251572327044	2	1	2	2.10157826035363	2	0.999999752536438	1	0.95	1	0.994320618508024	0.00567938149197631	GD	early	Early
TCGA-BT-A42C	0.53	TCGA-BT-A42C:13:32937530:C	C	T	32	52	0.619047619047619	2	0	3	2.95507637017071	3	0.97032562024765	1	0.94	1	0.991273918278292	0.00872608172170771	GD	early	Early
TCGA-BT-A42C	0.53	TCGA-BT-A42C:5:159822193:C	C	T	52	55	0.514018691588785	2	1	2	2.45371186739552	2	0.999999849315158	1	0.94	1	0.989406405145303	0.010593594854697	GD	early	Early
TCGA-BT-A42C	0.53	TCGA-BT-A42C:17:47590264:C	C	A	34	28	0.451612903225806	2	2	4	3.51065124771759	4	0.511447913818747	1	0.89	1	0.922957564966749	0.0770424350332511	GD	early	Early
TCGA-BT-A42C	0.53	TCGA-BT-A42C:17:28417662:T	T	G	94	25	0.210084033613445	2	2	2	1.21293800539084	1	0.963821168924098	1	0.76	1	0.621466762399996	0.378533237600004	GD	late	Late
TCGA-BT-A42C	0.53	TCGA-BT-A42C:13:25276099:C	C	A	154	13	0.0778443113772455	2	0	2	0.2937521184047	1	0.999999999999999	0.29	0.17	0.47	3.36929111950786e-08	0.999999966307089	GD	late	Late
TCGA-BT-A42C	0.53	TCGA-BT-A42C:1:11017751:C	C	T	83	62	0.427586206896552	2	1	2	2.04111906310995	2	0.999996626752058	1	0.94	1	0.988808040028453	0.0111919599715475	GD	early	Early
TCGA-BT-A42C	0.53	TCGA-BT-A42C:6:30035194:G	G	T	171	31	0.153465346534653	2	2	3	1.03951055482907	1	0.999759887868929	1	0.73	1	0.52697958057403	0.47302041942597	GD	late	Late
TCGA-BT-A42C	0.53	TCGA-BT-A42C:16:85114926:C	C	G	22	19	0.463414634146341	2	2	2	2.67556373676944	2	0.997690677837959	1	0.83	1	0.811948454313652	0.188051545686348	GD	early	Early
TCGA-BT-A42C	0.53	TCGA-BT-A42C:4:25677816:G	G	A	121	34	0.219354838709677	2	1	2	1.04710894704808	1	0.999864085903546	1	0.75	1	0.570949097989454	0.429050902010546	GD	late	Late
TCGA-BT-A42C	0.53	TCGA-BT-A42C:15:64017588:A	A	C	110	19	0.147286821705426	2	1	2	0.703086148895715	1	0.999999037681102	0.7	0.48	0.98	0.0853662858372016	0.914633714162798	GD	late	Late
TCGA-BT-A42C	0.53	TCGA-BT-A42C:18:9255912:A	A	G	51	5	0.0892857142857143	2	2	6	0.872641509433962	1	0.903723242665751	0.87	0.39	1	0.193721654053682	0.806278345946318	GD	late	Late
TCGA-BT-A42C	0.53	TCGA-BT-A42C:6:31733741:C	C	G	440	24	0.0517241379310345	2	1	4	0.350357839947951	1	1	0.35	0.23	0.5	4.92559364924538e-09	0.999999995074406	GD	late	Late
TCGA-BT-A42C	0.53	TCGA-BT-A42C:1:155912334:C	C	T	204	172	0.457446808510638	2	2	4	3.55600160578081	4	0.752573374177167	1	1	1	1	2.22301650992845e-61	GD	early	Early
TCGA-BT-A42C	0.53	TCGA-BT-A42C:7:82595105:T	T	A	81	32	0.283185840707965	2	2	2	1.63499749540825	2	0.931426706550713	1	0.85	1	0.847206135453429	0.152793864546571	GD	early	Early
TCGA-BT-A42C	0.53	TCGA-BT-A42C:1:16260122:AGCGATCCA	AGCGATCCA	-	117	12	0.0930232558139535	2	1	2	0.444054409828872	1	0.999999992481876	0.44	0.25	0.72	0.00150423274269627	0.998495767257304	GD	late	Late
TCGA-BT-A42C	0.53	TCGA-BT-A42C:3:168833343:GGGGCT	GGGGCT	-	170	15	0.0810810810810811	2	2	4	0.630290668026517	1	0.999998486880999	0.63	0.39	0.94	0.0504140121947968	0.949585987805203	GD	late	Late
TCGA-BT-A42C	0.53	TCGA-BT-A42C:5:140763792:G	G	-	114	15	0.116279069767442	2	1	2	0.55506801228609	1	0.999999939855015	0.56	0.34	0.85	0.0128235393527053	0.987176460647295	GD	late	Late
TCGA-BT-A42C	0.53	TCGA-BT-A42C:6:30671304:-	-	T	167	223	0.571794871794872	2	2	3	3.87310111272375	3	0.999999999999994	1	1	1	1	3.12099284934362e-92	GD	early	Early
TCGA-BT-A42C	0.53	TCGA-BT-A42C:6:36651884:-	-	G	18	18	0.5	2	0	1	1.38679245283019	1	1	1	0.77	1	0.672096542848378	0.327903457151623	GD	Not.Poss	Early
TCGA-BT-A42C	0.53	TCGA-BT-A42C:7:74105441:ATTGTAAGCATTGTATTTTTATCTTTTGC	ATTGTAAGCATTGTATTTTTATCTTTTGC	-	98	8	0.0754716981132075	2	2	2	0.435742257030972	1	0.999997278432077	0.44	0.21	0.78	0.00667178701171699	0.993328212988283	GD	late	Late
TCGA-BT-A42C	0.53	TCGA-BT-A42C:7:131825479:CAGAGAGGCAGGCGT	CAGAGAGGCAGGCGT	-	195	15	0.0714285714285714	2	1	2	0.340970350404313	1	0.999999999999997	0.34	0.2	0.53	8.92751968976432e-07	0.999999107248031	GD	late	Late
TCGA-BT-A42C	0.53	TCGA-BT-A42C:9:135802666:G	G	-	13	33	0.717391304347826	2	0	2	2.70713699753897	2	0.999977088689706	1	0.91	1	0.955963008831673	0.0440369911683267	GD	early	Early
TCGA-BT-A42C	0.53	TCGA-BT-A42C:14:70252841:C	C	-	116	36	0.236842105263158	2	2	2	1.36742800397219	1	0.797944862997793	1	0.84	1	0.804224365882636	0.195775634117364	GD	late	Late
TCGA-BT-A42C	0.53	TCGA-BT-A42C:17:37008873:TGGTTTGCCTTTCTTGACTG	TGGTTTGCCTTTCTTGACTG	-	133	11	0.0763888888888889	2	2	2	0.441037735849057	1	0.999999969834215	0.44	0.24	0.74	0.00236050592364984	0.99763949407635	GD	late	Late
TCGA-BT-A42C	0.53	TCGA-BT-A42C:17:41352619:T	T	-	94	41	0.303703703703704	2	2	4	2.36086652690426	2	0.676690701217626	1	0.91	1	0.953819017149927	0.0461809828500726	GD	early	Early
TCGA-BT-A42C	0.53	TCGA-BT-A42C:17:63010685:ATTGTTTCAAAA	ATTGTTTCAAAA	-	205	12	0.0552995391705069	2	1	4	0.37457612381532	1	0.999999999949972	0.37	0.21	0.62	0.000118762673697213	0.999881237326303	GD	late	Late
TCGA-BT-A42C	0.53	TCGA-BT-A42C:20:57613514:CACTTACAGACTT	CACTTACAGACTT	-	200	20	0.0909090909090909	2	2	3	0.615780445969125	1	0.999999991775637	0.62	0.4	0.89	0.0252561556706678	0.974743844329332	GD	late	Late
TCGA-BT-A42C	0.53	TCGA-BT-A42C:22:29745198:CTGGCTCAC	CTGGCTCAC	-	107	12	0.100840336134454	2	1	2	0.481369906453147	1	0.999999938920384	0.48	0.27	0.78	0.0045404372587961	0.995459562741204	GD	late	Late
